title,upvotes,comments,author,created_utc,permalink,url,score,scraped_at_utc
At least 16 files have disappeared from the DOJ webpage for documents related to Jeffrey Epstein,44555,909,MarvelsGrantMan136,1766266326.0,https://www.reddit.com/r/technology/comments/1prpb33/at_least_16_files_have_disappeared_from_the_doj/,https://apnews.com/article/release-epstein-files-justice-department-trump-9290fcaad1cb6fcb1cbc1befabc01994,44555,1766690127
“Yo what?” LimeWire re-emerges in online rush to share pulled “60 Minutes” segment | Redditor jokes LimeWire is now a “champion against the darkness.”,32187,952,Hrmbee,1766516953.0,https://www.reddit.com/r/technology/comments/1pu2ae3/yo_what_limewire_reemerges_in_online_rush_to/,https://arstechnica.com/tech-policy/2025/12/yo-what-limewire-re-emerges-in-online-rush-to-share-pulled-60-minutes-segment/,32187,1766690127
Some Epstein file redactions are being undone with hacks.  Un-redacted text from released documents began circulating on social media on Monday evening,26406,1005,esporx,1766521341.0,https://www.reddit.com/r/technology/comments/1pu42mc/some_epstein_file_redactions_are_being_undone/,https://www.theguardian.com/us-news/2025/dec/23/epstein-unredacted-files-social-media,26406,1766690127
Kash Patel Under Fire After Reddit Post Finds Brown Shooting Suspect.  The case bungled by the FBI director was only solved thanks to a Reddit user.,22847,543,esporx,1766296846.0,https://www.reddit.com/r/technology/comments/1przbcn/kash_patel_under_fire_after_reddit_post_finds/,https://newrepublic.com/post/204650/kash-patel-reddit-post-brown-university-shooting-suspect,22847,1766690127
The internet just made a 300TB copy of Spotify! (Updated: Spotify reaction),20805,1539,edbegley1,1766407720.0,https://www.reddit.com/r/technology/comments/1psyre7/the_internet_just_made_a_300tb_copy_of_spotify/,https://www.androidauthority.com/spotify-annas-archive-3627023/,20805,1766690127
"Firefox will add an AI ""kill switch"" after community pushback",16722,928,AdSpecialist6598,1766240210.0,https://www.reddit.com/r/technology/comments/1prfcid/firefox_will_add_an_ai_kill_switch_after/,https://www.techspot.com/news/110668-firefox-add-ai-kill-switch-after-community-pushback.html,16722,1766690127
White House website mysteriously streams personal finance YouTube creator,15772,334,igetproteinfartsHELP,1766177115.0,https://www.reddit.com/r/technology/comments/1pqvvce/white_house_website_mysteriously_streams_personal/,https://www.pbs.org/newshour/politics/white-house-website-mysteriously-streams-personal-finance-youtube-creator,15772,1766690127
13-year-old girl attacked a boy showing an AI-generated nude image of her. She was expelled,14210,1338,MetaKnowing,1766591181.0,https://www.reddit.com/r/technology/comments/1puqbkx/13yearold_girl_attacked_a_boy_showing_an/,https://fortune.com/2025/12/22/13-year-old-girl-ai-generated-nude-images-expelled-louisiana/,14210,1766690127
LG will let you delete the previously unremovable Microsoft Copilot shortcut on its smart TVs,13133,583,afk_exe,1766142698.0,https://www.reddit.com/r/technology/comments/1pqijb6/lg_will_let_you_delete_the_previously_unremovable/,https://www.engadget.com/ai/lg-will-let-you-delete-the-previously-unremovable-microsoft-copilot-shortcut-on-its-smart-tvs-215352944.html,13133,1766690127
Republicans make deepfake AI video of Democrat giving a kid trans hormone therapy.,9602,469,rezwenn,1766291460.0,https://www.reddit.com/r/technology/comments/1prxp5h/republicans_make_deepfake_ai_video_of_democrat/,https://www.lgbtqnation.com/2025/12/republicans-make-deepfake-ai-video-of-democrat-giving-a-kid-trans-hormone-therapy/,9602,1766690127
"'Call of Duty' Co-Creator, Respawn Co-Founder, and EA Executive Vince Zampella Killed in Car Accident",9573,926,MarvelsGrantMan136,1766434438.0,https://www.reddit.com/r/technology/comments/1pt9oui/call_of_duty_cocreator_respawn_cofounder_and_ea/,https://www.ign.com/articles/call-of-duty-co-creator-respawn-co-founder-and-ea-executive-vince-zampella-killed-in-car-accident,9573,1766690127
"Boys at her school shared AI-generated, nude images of her. She was the one expelled",8361,848,ubcstaffer123,1766437083.0,https://www.reddit.com/r/technology/comments/1ptas4o/boys_at_her_school_shared_aigenerated_nude_images/,https://abcnews.go.com/US/wireStory/boys-school-shared-ai-generated-nude-images-after-128611202,8361,1766690127
AI-generated code contains more bugs and errors than human output,8347,768,north_canadian_ice,1766480471.0,https://www.reddit.com/r/technology/comments/1ptpc95/aigenerated_code_contains_more_bugs_and_errors/,https://www.techradar.com/pro/security/ai-generated-code-contains-more-bugs-and-errors-than-human-output,8347,1766690127
Big Tech Ramps Up Propaganda Blitz As AI Data Centers Become Toxic With Voters,7509,354,Wagamaga,1766338973.0,https://www.reddit.com/r/technology/comments/1psc9hf/big_tech_ramps_up_propaganda_blitz_as_ai_data/,https://www.commondreams.org/news/ai-data-center-propaganda-blitz,7509,1766690127
"After laying off 4,000 employees and automating with AI agents, Salesforce executives admit: We were more confident about AI a year ago",7339,298,etern4lflux,1766518670.0,https://www.reddit.com/r/technology/comments/1pu2zd9/after_laying_off_4000_employees_and_automating/,https://timesofindia.indiatimes.com/technology/tech-news/after-laying-off-4000-employees-and-automating-with-ai-agents-salesforce-executives-admit-we-were-more-confident-about-/amp_articleshow/126121875.cms,7339,1766690127
"Japanese streamer who spent $160k to make his dream game thinking “I don’t care if it doesn’t sell” hits 60,000 copies in under ten days",7261,130,rezwenn,1766431830.0,https://www.reddit.com/r/technology/comments/1pt8lv4/japanese_streamer_who_spent_160k_to_make_his/,https://automaton-media.com/en/news/japanese-streamer-who-spent-160k-to-make-his-dream-game-thinking-i-dont-care-if-it-doesnt-sell-hits-60000-copies-in-under-ten-days/,7261,1766690127
Waymo suspends service in San Francisco after driverless cars cause traffic jams during blackout,6100,614,Disastrous_Award_789,1766333994.0,https://www.reddit.com/r/technology/comments/1psa9v7/waymo_suspends_service_in_san_francisco_after/,https://www.the-independent.com/news/world/americas/waymo-suspended-san-francisco-traffic-jams-blackout-b2888562.html,6100,1766690127
Anthropic’s AI vending machine turns communist and gives everything for free,5884,440,ImCalcium,1766144295.0,https://www.reddit.com/r/technology/comments/1pqiz9x/anthropics_ai_vending_machine_turns_communist_and/,https://www.dexerto.com/entertainment/anthropics-ai-vending-machine-turns-communist-and-gives-everything-for-free-3296257/,5884,1766690127
Silicon Valley’s tone-deaf take on the AI backlash will matter in 2026,5370,464,MetaKnowing,1766589702.0,https://www.reddit.com/r/technology/comments/1puprw4/silicon_valleys_tonedeaf_take_on_the_ai_backlash/,https://fortune.com/2025/12/23/silicon-valleys-tone-deaf-take-on-the-ai-backlash-will-matter-in-2026/,5370,1766690127
The post-GeForce era: What if Nvidia abandons PC gaming?,5341,778,LollipopChainsawZz,1766168922.0,https://www.reddit.com/r/technology/comments/1pqsifq/the_postgeforce_era_what_if_nvidia_abandons_pc/,https://www.pcworld.com/article/3013044/the-post-geforce-era-what-if-nvidia-abandons-pc-gaming.html,5341,1766690127
"Tipster using Reddit was key in cracking Brown University shooting case, police say",5016,197,habichuelacondulce,1766146306.0,https://www.reddit.com/r/technology/comments/1pqjkn6/tipster_using_reddit_was_key_in_cracking_brown/,https://www.cbsnews.com/news/brown-university-reddit-tipster/,5016,1766690127
Samsung executives and employees indicted over leaking 10nm DRAM technology to China,4655,364,snowfordessert,1766541805.0,https://www.reddit.com/r/technology/comments/1pubmlu/samsung_executives_and_employees_indicted_over/,https://www.neowin.net/news/samsung-executives-and-employees-indicted-over-leaking-10nm-dram-technology-to-china/,4655,1766690127
NPR: What AI data centers are doing to your electric bill,4586,162,SnoozeDoggyDog,1766251984.0,https://www.reddit.com/r/technology/comments/1prjukt/npr_what_ai_data_centers_are_doing_to_your/,https://www.npr.org/2025/12/19/nx-s1-5649814/ai-data-center-electricity-bill,4586,1766690127
Activist group says it has scraped 86m music files from Spotify,4269,200,tw1st3d_m3nt4t,1766430774.0,https://www.reddit.com/r/technology/comments/1pt85pb/activist_group_says_it_has_scraped_86m_music/,https://www.theguardian.com/technology/2025/dec/22/activist-group-says-it-has-scraped-86m-music-files-from-spotify,4269,1766690127
SoftBank scrambling to come up with $22.5B in OpenAI funding before New Year,4241,328,Logical_Welder3467,1766472784.0,https://www.reddit.com/r/technology/comments/1ptnb0l/softbank_scrambling_to_come_up_with_225b_in/,https://www.theregister.com/2025/12/22/softbank_funding_openai/,4241,1766690127
"The richest 10% now receive 53% of global income and own 75% of all wealth, yet inequality alone does not cause unrest. A study of 120 countries (1996–2020) shows it becomes politically destabilizing only when internet use exceeds 50% of the population by increasing information and coordination.",4175,197,Sciantifa,1766281061.0,https://www.reddit.com/r/technology/comments/1pruf50/the_richest_10_now_receive_53_of_global_income/,https://onlinelibrary.wiley.com/doi/10.1111/sjpe.70041,4175,1766690127
First-ever drug to repair DNA and regenerate damaged tissue is here,3871,207,barweis,1766281943.0,https://www.reddit.com/r/technology/comments/1prupje/firstever_drug_to_repair_dna_and_regenerate/,https://newatlas.com/heart-disease/drug-dna-repair-heart/,3871,1766690127
Unlucky Amazon shopper orders DDR5 memory but gets DDR4 hidden under the heatspreader — RAM sold as new was a switcharoo,3861,207,CipherGarden,1766485877.0,https://www.reddit.com/r/technology/comments/1ptqpoe/unlucky_amazon_shopper_orders_ddr5_memory_but/,https://www.tomshardware.com/pc-components/dram/unlucky-amazon-shopper-orders-ddr5-memory-but-gets-ddr4-hidden-under-the-heatspreader-ram-sold-as-new-was-a-switcharoo,3861,1766690127
"Microsoft wants to replace its entire C and C++ codebase, perhaps by 2030",3831,487,Logical_Welder3467,1766571730.0,https://www.reddit.com/r/technology/comments/1puk8gs/microsoft_wants_to_replace_its_entire_c_and_c/,https://www.theregister.com/2025/12/24/microsoft_rust_codebase_migration/,3831,1766690127
NIST warns several of its Internet Time Service servers may be inaccurate due to a power outage — Boulder servers 'no longer have an accurate time reference',3619,135,lurker_bee,1766415684.0,https://www.reddit.com/r/technology/comments/1pt1ox6/nist_warns_several_of_its_internet_time_service/,https://www.tomshardware.com/tech-industry/nist-warns-of-potential-inaccuracies-on-boulder-time-servers-after-power-failure,3619,1766690127
Natasha Lyonne says AI has an ethics problem because right now it’s ‘super kosher copacetic to rob freely under the auspices of acceleration’,3244,273,lurker_bee,1766322156.0,https://www.reddit.com/r/technology/comments/1ps612w/natasha_lyonne_says_ai_has_an_ethics_problem/,https://tech.yahoo.com/ai/meta-ai/articles/natasha-lyonne-says-ai-ethics-130500292.html,3244,1766690127
Larry Ellison gives $40.4 billion guarantee for Paramount's Warner Bros bid,3237,419,jd5547561,1766410765.0,https://www.reddit.com/r/technology/comments/1pszspt/larry_ellison_gives_404_billion_guarantee_for/,https://www.reuters.com/business/media-telecom/larry-ellison-gives-404-billion-guarantee-paramount-bid-warner-bros-2025-12-22/,3237,1766690127
Most CEOs are ready to spend even more on AI in 2026 despite no clear path to ROI,3206,402,AdSpecialist6598,1766154489.0,https://www.reddit.com/r/technology/comments/1pqmgd2/most_ceos_are_ready_to_spend_even_more_on_ai_in/,https://www.techspot.com/news/110653-most-ceos-ready-spend-even-more-ai-2026.html,3206,1766690127
"TikTok Deal Done And It’s Somehow The Shittiest Possible Outcome, Making Everything Worse",3128,251,Well_Socialized,1766161688.0,https://www.reddit.com/r/technology/comments/1pqpfll/tiktok_deal_done_and_its_somehow_the_shittiest/,https://www.techdirt.com/2025/12/19/tiktok-deal-done-and-its-somehow-the-shittiest-possible-outcome-making-everything-worse/,3128,1766690127
Home Depot in LA installs noise machines that ‘penetrate bones’ to deter day laborers,3124,611,esporx,1766101082.0,https://www.reddit.com/r/technology/comments/1pq5w0o/home_depot_in_la_installs_noise_machines_that/,https://www.theguardian.com/us-news/2025/dec/18/home-depot-la-noise-machines-day-laborers?CMP=Share_AndroidApp_Other,3124,1766690127
Sam Altman says he's '0%' excited to be CEO of a public company as OpenAI drops hints about an IPO: 'In some ways I think it'd be really annoying',2971,396,ControlCAD,1766223202.0,https://www.reddit.com/r/technology/comments/1praj3p/sam_altman_says_hes_0_excited_to_be_ceo_of_a/,https://fortune.com/2025/12/19/sam-altman-0-percent-excited-ceo-of-public-company-openai-ipo/,2971,1766690127
TikTok has signed the deal to sell its US entity to American investor group,2893,272,GeneReddit123,1766098542.0,https://www.reddit.com/r/technology/comments/1pq4won/tiktok_has_signed_the_deal_to_sell_its_us_entity/,https://www.cnn.com/2025/12/18/tech/tiktok-signs-us-sale-deal,2893,1766690127
"OpenAI's Stargate project to consume up to 40% of global DRAM output — inks deal with Samsung and SK hynix to the tune of up to 900,000 wafers per month",2874,347,Automaticalee,1766262531.0,https://www.reddit.com/r/technology/comments/1prnwq0/openais_stargate_project_to_consume_up_to_40_of/,https://www.tomshardware.com/pc-components/dram/openais-stargate-project-to-consume-up-to-40-percent-of-global-dram-output-inks-deal-with-samsung-and-sk-hynix-to-the-tune-of-up-to-900-000-wafers-per-month,2874,1766690127
Dating in the Age of the Algorithm : Dating apps have transformed intimacy into a marketplace of frustration. They fuel gender conflict while ruthlessly extracting value from our most intimate desires.,2845,467,thinkB4WeSpeak,1766434060.0,https://www.reddit.com/r/technology/comments/1pt9jaz/dating_in_the_age_of_the_algorithm_dating_apps/,https://jacobin.com/2025/12/dating-apps-men-women-capital,2845,1766690127
Warning: Amazon Confirms 5-Year-Long Russian Cyberattack,2709,124,CarOnMyFuckingFence,1766140776.0,https://www.reddit.com/r/technology/comments/1pqi0jo/warning_amazon_confirms_5yearlong_russian/,https://www.forbes.com/sites/daveywinder/2025/12/18/warning-amazon-confirms-5-year-long-russian-cyberattack/,2709,1766690127
Congress may be about to create the “bad internet”,2698,274,edbegley1,1766408703.0,https://www.reddit.com/r/technology/comments/1psz34t/congress_may_be_about_to_create_the_bad_internet/,https://www.salon.com/2025/12/22/congress-may-be-about-to-create-the-bad-internet/,2698,1766690127
"Airbus moving critical systems away from AWS, Google, and Microsoft citing data sovereignty concerns",2470,132,Strange_Valuable3016,1766173436.0,https://www.reddit.com/r/technology/comments/1pqudsq/airbus_moving_critical_systems_away_from_aws/,https://www.golem.de/news/digitale-souveraenitaet-airbus-bereitet-wechsel-zu-europaeischer-cloud-vor-2512-203479.html,2470,1766690127
"OpenAI Is ‘Definitely Not’ Too Big to Fail, Economist Says",2280,237,Agile_Philosophy9615,1766340289.0,https://www.reddit.com/r/technology/comments/1pscsp6/openai_is_definitely_not_too_big_to_fail/,https://www.bloomberg.com/news/newsletters/2025-12-18/openai-is-definitely-not-too-big-to-fail-economist-says,2280,1766690127
Justice Department Releases Epstein Files—With Broken Search Tool,2259,66,rezwenn,1766290463.0,https://www.reddit.com/r/technology/comments/1prxe1s/justice_department_releases_epstein_fileswith/,https://newrepublic.com/post/204689/justice-department-release-epstein-files-broken-search-tool,2259,1766690127
Google killed the 25-year-old Sega Dreamcast PlanetWeb 3.0 web browser this week — big G's services no longer respond to this quarter-century-old software,2234,182,ControlCAD,1766373516.0,https://www.reddit.com/r/technology/comments/1psp2l3/google_killed_the_25yearold_sega_dreamcast/,https://www.tomshardware.com/video-games/retro-gaming/the-sega-dreamcasts-planetweb-3-0-browser-was-killed-by-google-this-week-big-gs-services-no-longer-respond-to-this-quarter-century-old-software,2234,1766690127
Feds pave the way for Big Tech to plug data centers right into power plants in scramble for energy,2150,131,creaturefeature16,1766197174.0,https://www.reddit.com/r/technology/comments/1pr30gl/feds_pave_the_way_for_big_tech_to_plug_data/,https://apnews.com/article/power-electricity-ai-power-plants-data-centers-grid-6f52e60c4924f634a21fb5f35d68f29b,2150,1766690127
LinkedIn CEO says it’s ‘outdated’ to have a five-year career plan: It’s a ‘little bit foolish’ considering the pace AI is changing the workplace,2122,473,lurker_bee,1766120608.0,https://www.reddit.com/r/technology/comments/1pqckyc/linkedin_ceo_says_its_outdated_to_have_a_fiveyear/,https://fortune.com/2025/12/18/linkedin-ceo-ryan-roslansky-career-advice-5-year-plan-ai/,2122,1766690127
New York Governor Kathy Hochul signs RAISE Act to regulate AI safety,2098,40,Moonskaraos,1766325247.0,https://www.reddit.com/r/technology/comments/1ps71gs/new_york_governor_kathy_hochul_signs_raise_act_to/,https://techcrunch.com/2025/12/20/new-york-governor-kathy-hochul-signs-raise-act-to-regulate-ai-safety/,2098,1766690127
Microsoft to Replace All C/C++ Code With Rust by 2030,2062,596,Bill3000,1766514632.0,https://www.reddit.com/r/technology/comments/1pu1bop/microsoft_to_replace_all_cc_code_with_rust_by_2030/,https://www.thurrott.com/dev/330980/microsoft-to-replace-all-c-c-code-with-rust-by-2030,2062,1766690127
Texas is suing all of the big TV makers for spying on what you watch,2003,146,waozen,1766102048.0,https://www.reddit.com/r/technology/comments/1pq68j5/texas_is_suing_all_of_the_big_tv_makers_for/,https://www.theverge.com/news/845400/texas-tv-makers-lawsuit-samsung-sony-lg-hisense-tcl-spying,2003,1766690127
Acting CISA director failed a polygraph. Career staff are now under investigation.,1916,160,MaryADraper,1766356738.0,https://www.reddit.com/r/technology/comments/1psj73f/acting_cisa_director_failed_a_polygraph_career/,https://www.politico.com/news/2025/12/21/cisa-acting-director-madhu-gottumukkala-polygraph-investigation-00701996,1916,1766690127
Amazon pulls error-filled 'Fallout' AI video recaps from Prime Video,1861,153,SoftwareArchitect101,1766219974.0,https://www.reddit.com/r/technology/comments/1pr9q1c/amazon_pulls_errorfilled_fallout_ai_video_recaps/,https://in.mashable.com/tech/103510/amazon-pulls-error-filled-fallout-ai-video-recaps-from-prime-video,1861,1766690127
Samsung's 600-Mile-Range Solid State Batteries That Charge in 9 Minutes Ready for Production/Sale Next Year,1757,151,snowfordessert,1766546853.0,https://www.reddit.com/r/technology/comments/1puda2e/samsungs_600milerange_solid_state_batteries_that/,https://www.goodnewsnetwork.org/samsungs-600-mile-range-batteries-that-charge-in-9-minutes-ready-for-production-sale-next-year/,1757,1766690127
"Firefox is adding an AI kill switch | Anthony Enzor-DeMeo, CEO of Mozilla, announced that AI will be added to Firefox. Public outcry prompted Enzor-DeMeo, and then Jake Archibald, Mozilla's Web Developer Relations Lead, to assure users that there will be an AI kill switch to turn off all AI features",1710,232,Hrmbee,1766114504.0,https://www.reddit.com/r/technology/comments/1pqam2k/firefox_is_adding_an_ai_kill_switch_anthony/,https://coywolf.com/news/productivity/firefox-is-adding-an-ai-kill-switch/,1710,1766690127
"In rare public comments, career DOJ officials offer chilling warnings about online network 764",1698,191,HellYeahDamnWrite,1766106909.0,https://www.reddit.com/r/technology/comments/1pq7zuk/in_rare_public_comments_career_doj_officials/,https://abcnews.go.com/US/rare-public-comments-career-doj-officials-offer-chilling/story?id=128526657,1698,1766690127
How a power outage in Colorado caused U.S. official time be 4.8 microseconds off,1693,75,IntrepidWolverine517,1766401112.0,https://www.reddit.com/r/technology/comments/1pswt62/how_a_power_outage_in_colorado_caused_us_official/,https://www.npr.org/2025/12/21/nx-s1-5651317/colorado-us-official-time-microseconds-nist-clocks,1693,1766690127
Indie Game Awards Disqualifies Clair Obscur: Expedition 33 Due To Gen AI Usage,1693,427,dapperlemon,1766330333.0,https://www.reddit.com/r/technology/comments/1ps8ucu/indie_game_awards_disqualifies_clair_obscur/,https://insider-gaming.com/indie-game-awards-disqualifies-clair-obscur-expedition-33-gen-ai/,1693,1766690127
Zuckerberg Cut Ties With Pro-Immigration Organization He Founded,1674,103,rezwenn,1766167217.0,https://www.reddit.com/r/technology/comments/1pqrsdk/zuckerberg_cut_ties_with_proimmigration/,https://www.bloomberg.com/news/articles/2025-12-19/mark-zuckerberg-s-philanthropy-cut-ties-with-pro-immigration-organization-fwd-us?accessToken=eyJhbGciOiJIUzI1NiIsInR5cCI6IkpXVCJ9.eyJzb3VyY2UiOiJTdWJzY3JpYmVyR2lmdGVkQXJ0aWNsZSIsImlhdCI6MTc2NjE2MDE3NSwiZXhwIjoxNzY2NzY0OTc1LCJhcnRpY2xlSWQiOiJUN0lMQUFLR0lGUFgwMCIsImJjb25uZWN0SWQiOiI3NDQ2MEI1QzUxMEE0MThDOEZDRTUwOTJFQUI1RkVFNCJ9.SRJPB5ylxUlPj_m0s6arRY5F-CNB-Bx5eJrNv-EAIXQ,1674,1766690127
Sam Altman’s OpenAI in talks to raise money at $750B Evaluation,1613,304,Anchor_Aways,1766274755.0,https://www.reddit.com/r/technology/comments/1prsbff/sam_altmans_openai_in_talks_to_raise_money_at/,https://finance.yahoo.com/news/sam-altman-openai-talks-raise-163657854.html,1613,1766690127
The FCC just banned foreign-made drones from entering the US,1606,209,AdSpecialist6598,1766500618.0,https://www.reddit.com/r/technology/comments/1ptvhbh/the_fcc_just_banned_foreignmade_drones_from/,https://www.techspot.com/news/110690-fcc-banned-foreign-made-drones-entering-us.html,1606,1766690127
Why the McKinsey layoffs are a warning signal for consulting in the AI age,1542,178,lurker_bee,1766415952.0,https://www.reddit.com/r/technology/comments/1pt1sza/why_the_mckinsey_layoffs_are_a_warning_signal_for/,https://www.fastcompany.com/91463039/why-the-mckinsey-layoffs-are-a-warning-signal-for-consulting-in-the-ai-age-ai-layoffs-management-consulting,1542,1766690127
"Marsha Blackburn Bundles Every Bad Tech Bill Into One, Slaps the President's Name On It",1536,43,StraightedgexLiberal,1766453717.0,https://www.reddit.com/r/technology/comments/1pth55p/marsha_blackburn_bundles_every_bad_tech_bill_into/,https://www.techdirt.com/2025/12/22/marsha-blackburn-bundles-every-bad-tech-bill-into-one-slaps-trumps-name-on-it/,1536,1766690127
The FCC’s foreign drone ban is here,1525,234,Silly_Rub_6304,1766464248.0,https://www.reddit.com/r/technology/comments/1ptkql1/the_fccs_foreign_drone_ban_is_here/,https://www.theverge.com/news/849460/fcc-foreign-drone-ban-dji-congress-deadline,1525,1766690127
"Dell top sales exec doubles down on 40-hour RTO for sales team after ""end-of-day walkthroughs"" revealed workers leaving early",1516,174,ControlCAD,1766442499.0,https://www.reddit.com/r/technology/comments/1ptcy9k/dell_top_sales_exec_doubles_down_on_40hour_rto/,https://www.businessinsider.com/dell-rto-policy-sales-team-eight-hours-a-day-2025-12,1516,1766690127
Ashley MacIsaac concert cancelled after AI wrongly accuses him of being sex offender,1404,135,nosotros_road_sodium,1766533293.0,https://www.reddit.com/r/technology/comments/1pu8nqm/ashley_macisaac_concert_cancelled_after_ai/,https://www.cbc.ca/news/entertainment/ashley-macisaac-ai-accusation-9.7026786,1404,1766690127
FCC Boss Brendan Carr Bullied Bay Area AM Radio Station For Telling Locals The Truth,1395,13,StraightedgexLiberal,1766514544.0,https://www.reddit.com/r/technology/comments/1pu1adv/fcc_boss_brendan_carr_bullied_bay_area_am_radio/,https://www.techdirt.com/2025/12/23/fcc-boss-brendan-carr-bullied-bay-area-am-radio-station-for-telling-locals-the-truth/,1395,1766690127
Electronic Arts Shareholders Approve $55 Billion Sale to Saudis,1376,311,Disastrous_Award_789,1766449107.0,https://www.reddit.com/r/technology/comments/1ptfhmy/electronic_arts_shareholders_approve_55_billion/,https://www.bloomberg.com/news/articles/2025-12-22/electronic-arts-shareholders-approve-55-billion-sale-to-saudis,1376,1766690127
Micron warns ram shortages will last beyond 2026 as AI demand surges,1339,183,tylerthe-theatre,1766324267.0,https://www.reddit.com/r/technology/comments/1ps6pnw/micron_warns_ram_shortages_will_last_beyond_2026/,https://www.dexerto.com/entertainment/micron-warns-ram-shortages-will-last-beyond-2026-as-ai-demand-surges-3296105/,1339,1766690127
OpenAI's Stargate data center gets approval to receive 1.4 gigawatts of power in Michigan,1319,107,Logical_Welder3467,1766151172.0,https://www.reddit.com/r/technology/comments/1pql74o/openais_stargate_data_center_gets_approval_to/,https://www.tomshardware.com/tech-industry/artificial-intelligence/openais-stargate-data-center-gets-approval-to-receive-1-4-gigawatts-of-power-in-michigan-some-residents-furious-as-energy-company-is-given-go-ahead-by-regulatory-body-without-hearing-opposition,1319,1766690127
Japanese content platform DLsite gets its own official credit card amidst Visa and Mastercard suspensions,1306,47,AtrusHomeboy,1766174774.0,https://www.reddit.com/r/technology/comments/1pquxl1/japanese_content_platform_dlsite_gets_its_own/,https://automaton-media.com/en/news/japanese-content-platform-dlsite-gets-its-own-official-credit-card-amidst-visa-and-mastercard-suspensions/,1306,1766690127
Experts warn AI is making your brain work less,1283,347,SoftwareArchitect101,1766299999.0,https://www.reddit.com/r/technology/comments/1ps07ex/experts_warn_ai_is_making_your_brain_work_less/,https://www.bbc.com/news/articles/cd6xz12j6pzo,1283,1766690127
Google and Apple reportedly warn employees on visas to avoid international travel,1253,53,MRADEL90,1766270982.0,https://www.reddit.com/r/technology/comments/1prqzqe/google_and_apple_reportedly_warn_employees_on/,https://techcrunch.com/2025/12/20/google-and-apple-reportedly-warn-employees-on-visas-to-avoid-international-travel/,1253,1766690127
"Analyst firm Newzoo says ""the global games market is expected to reach $197 billion in 2025, growing +7.5% year on year,"" ""represents an upward revision to earlier forecasts, driven primarily by stronger-than-expected performance on PC and mobile.""",23,35,ControlCAD,1766491443.0,https://www.reddit.com/r/technology/comments/1pts9p4/analyst_firm_newzoo_says_the_global_games_market/,https://www.pcgamer.com/gaming-industry/analyst-firm-says-the-games-market-is-expected-to-reach-a-record-breaking-usd197-billion-by-the-end-of-2025-driven-primarily-by-stronger-than-expected-performance-on-pc-and-mobile/,23,1766690127
